[
  {
    "id": "2bdf44e8-fdff-4115-bb76-98bae9f16d04",
    "data": [
      {
        "text": "order ref ",
        "userDefined": false
      },
      {
        "text": "5544",
        "meta": "@sys.number",
        "alias": "number",
        "userDefined": false
      }
    ],
    "isTemplate": false,
    "count": 0,
    "lang": "en",
    "updated": 0
  },
  {
    "id": "aaf03333-ea9e-4dae-b07f-7645e9498773",
    "data": [
      {
        "text": "my reference is ORD",
        "userDefined": false
      },
      {
        "text": "8891",
        "meta": "@sys.phone-number",
        "alias": "phone-number",
        "userDefined": false
      }
    ],
    "isTemplate": false,
    "count": 0,
    "lang": "en",
    "updated": 0
  },
  {
    "id": "4d9900e6-ebd4-498e-829b-ebe5f97adbe3",
    "data": [
      {
        "text": "ORD",
        "userDefined": false
      },
      {
        "text": "1023",
        "meta": "@sys.phone-number",
        "alias": "phone-number",
        "userDefined": false
      }
    ],
    "isTemplate": false,
    "count": 0,
    "lang": "en",
    "updated": 0
  }
]